<?xml version="1.0" encoding="UTF-8"?>
<metadata xml:lang="en"><Esri><CreaDate>20170404</CreaDate><CreaTime>16071200</CreaTime><ArcGISFormat>1.0</ArcGISFormat><SyncOnce>TRUE</SyncOnce><DataProperties><lineage><Process ToolSource="c:\program files (x86)\arcgis\desktop10.4\ArcToolbox\Toolboxes\Data Management Tools.tbx\CalculateField" Date="20170404" Time="160712">CalculateField SULGC_2483842_Index Symph_Bar [SYS] VB #</Process><Process ToolSource="c:\program files (x86)\arcgis\desktop10.4\ArcToolbox\Toolboxes\Data Management Tools.tbx\CalculateField" Date="20170404" Time="160737">CalculateField SULGC_2483842_Index CKEY_1 [Ckey] VB #</Process><Process ToolSource="c:\program files (x86)\arcgis\desktop10.4\ArcToolbox\Toolboxes\Data Management Tools.tbx\CalculateField" Date="20170404" Time="160800">CalculateField SULGC_2483842_Index Ckey [CKEY_1] VB #</Process></lineage></DataProperties></Esri></metadata>
