<?xml version="1.0" encoding="UTF-8"?>
<metadata xml:lang="en"><Esri><CreaDate>20170404</CreaDate><CreaTime>16002600</CreaTime><ArcGISFormat>1.0</ArcGISFormat><SyncOnce>TRUE</SyncOnce><DataProperties><lineage><Process ToolSource="c:\program files (x86)\arcgis\desktop10.4\ArcToolbox\Toolboxes\Data Management Tools.tbx\CalculateField" Date="20170404" Time="155210">CalculateField SULGC_2483842_Index.shp Symph_Bar [SYS] VB #</Process><Process ToolSource="c:\program files (x86)\arcgis\desktop10.4\ArcToolbox\Toolboxes\Data Management Tools.tbx\CalculateField" Date="20170404" Time="155235">CalculateField SULGC_2483842_Index.shp CKEY_1 [CKEY_1] VB #</Process><Process ToolSource="c:\program files (x86)\arcgis\desktop10.4\ArcToolbox\Toolboxes\Data Management Tools.tbx\CalculateField" Date="20170404" Time="155244">CalculateField SULGC_2483842_Index.shp CKEY_1 [Ckey] VB #</Process><Process ToolSource="c:\program files (x86)\arcgis\desktop10.4\ArcToolbox\Toolboxes\Data Management Tools.tbx\CalculateField" Date="20170404" Time="155308">CalculateField SULGC_2483842_Index.shp Ckey [CKEY_1] VB #</Process></lineage><itemProps><itemLocation><linkage Sync="TRUE">file://\\sul-gislab.stanford.edu\GIS_Shared\SGC_Index_Maps\Completed_IndexMaps\SULGC (Branner General Collection)\SULGC_2483839\SULGC_2483842_Index</linkage><protocol Sync="TRUE">Local Area Network</protocol></itemLocation></itemProps><copyHistory><copy source="Q:\SGC_Index_Maps\Working_IndexMaps\Branner General Collection\SULGC_2483842\SULGC_2483842_Index" dest="\\sul-gislab.stanford.edu\GIS_Shared\SGC_Index_Maps\Completed_IndexMaps\SULGC (Branner General Collection)\SULGC_2483839\SULGC_2483842_Index" date="20170404" time="16002600"></copy></copyHistory></DataProperties></Esri></metadata>
